{"time/train":13.156170129776001,"optim/entropy":0.6166829466819763,"time/save_checkpoint":4.544644117355347,"progress/batch":44,"env/all/turns_per_episode":1,"time/sample":81.7622880935669,"time/assemble_training_data":0.0051310062408447266,"env/all/ob_tokens_per_turn":387,"_wandb":{"runtime":3096},"optim/kl_sample_train_v1":0.0016491702990606427,"_timestamp":1.764957826236593e+09,"_runtime":3096.69898125,"env/all/by_group/frac_all_bad":0,"time/compute_kl_sample_train":0.003461122512817383,"progress/done_frac":0.14376996805111822,"env/all/total_episodes":8,"env/all/total_ob_tokens":3096,"env/all/by_group/frac_all_good":0.5,"env/all/total_ac_tokens":938,"env/all/by_group/frac_mixed":0.5,"env/all/reward/total":0.8174999999999999,"time/total":99.50405693054199,"env/all/total_turns":8,"optim/kl_sample_train_v2":0.0006647149566560984,"env/all/ac_tokens_per_turn":117.25,"_step":44,"optim/lr":4e-05}