{"env/all/reward/total":0.9,"env/all/turns_per_episode":1,"env/all/ac_tokens_per_turn":130.125,"env/all/total_ac_tokens":1041,"time/train":9.173045873641968,"time/sample":102.59611797332764,"time/assemble_training_data":0.0037200450897216797,"time/compute_kl_sample_train":0.0023751258850097656,"env/all/by_group/frac_all_bad":0,"_timestamp":1.764968515077218e+09,"progress/batch":81,"progress/done_frac":0.26198083067092653,"_wandb":{"runtime":5629},"optim/kl_sample_train_v1":-0.0011174756800755858,"_step":81,"optim/lr":4e-05,"env/all/by_group/frac_all_good":0,"_runtime":5629.32601525,"env/all/total_turns":8,"optim/entropy":0.5898424983024597,"env/all/total_episodes":8,"optim/kl_sample_train_v2":0.0007665391894988716,"time/save_checkpoint":4.903733968734741,"env/all/ob_tokens_per_turn":290,"env/all/total_ob_tokens":2320,"env/all/by_group/frac_mixed":1,"time/total":116.72035598754883}