{"optim/kl_sample_train_v2":0.000734470144379884,"env/all/total_ob_tokens":2312,"_wandb":{"runtime":4255},"optim/entropy":0.7312281131744385,"env/all/ob_tokens_per_turn":289,"time/total":140.47896003723145,"optim/kl_sample_train_v1":-0.00012626122043002397,"env/all/reward/total":0.8799999999999999,"env/all/by_group/frac_mixed":1,"env/all/total_episodes":8,"progress/done_frac":0.11182108626198083,"_runtime":4255.744879584,"time/compute_kl_sample_train":0.0016298294067382812,"env/all/turns_per_episode":1,"_timestamp":1.7649305493340118e+09,"time/train":20.886446237564087,"env/all/by_group/frac_all_bad":0,"time/sample":113.9568440914154,"_step":34,"env/all/by_group/frac_all_good":0,"optim/lr":4e-05,"time/assemble_training_data":0.005579948425292969,"env/all/total_turns":8,"env/all/ac_tokens_per_turn":123.375,"env/all/total_ac_tokens":987,"progress/batch":34,"time/save_checkpoint":5.577039003372192}